session,treatment,period,id,shock,prob1,prob2,cost1,cost2,endowment,minProb1,maxCost2
2022-09-06-143058,1,1,1,undefined,0.5640614990390775,0.5470957613814758,2.8203074951953875,2.7354788069073788,20,0.5,5
